INSERT INTO PROJECT (PROJECT_ID, PROJECT_NAME) VALUES (1, '2017 CSO PROJECT');
INSERT INTO PRODUCT (PRODUCT_ID, PRODUCT_NAME, PROJECT_ID) VALUES (1, 'XSTREAM APP', 1);
INSERT INTO PRODUCT (PRODUCT_ID, PRODUCT_NAME, PROJECT_ID) VALUES (2, 'JSON APP', 1);
INSERT INTO PRODUCT (PRODUCT_ID, PRODUCT_NAME, PROJECT_ID) VALUES (3, 'DRIVE APP', 1);
INSERT INTO CRITERION (CRITERION_ID, CRITERION_NAME, WEIGHT, PROJECT_ID) VALUES (1, 'QUALITY', 45, 1);
INSERT INTO CRITERION (CRITERION_ID, CRITERION_NAME, WEIGHT, PROJECT_ID) VALUES (2, 'ABILITY', 60, 1);
INSERT INTO CRITERION (CRITERION_ID, CRITERION_NAME, WEIGHT, PROJECT_ID) VALUES (3, 'FAST FEATURE', 30, 1);


INSERT INTO PROJECT (PROJECT_ID, PROJECT_NAME) VALUES (2, '2016 CSO PROJECT');
INSERT INTO PRODUCT (PRODUCT_ID, PRODUCT_NAME, PROJECT_ID) VALUES (4, 'COST APP', 2);
INSERT INTO PRODUCT (PRODUCT_ID, PRODUCT_NAME, PROJECT_ID) VALUES (5, 'SEA APP', 2);
INSERT INTO PRODUCT (PRODUCT_ID, PRODUCT_NAME, PROJECT_ID) VALUES (6, 'PATH APP', 2);
INSERT INTO CRITERION (CRITERION_ID, CRITERION_NAME, WEIGHT, PROJECT_ID) VALUES (4, 'TEAM WORK', 32, 2);
INSERT INTO CRITERION (CRITERION_ID, CRITERION_NAME, WEIGHT, PROJECT_ID) VALUES (5, 'FEASIBILITY', 94, 2);
INSERT INTO CRITERION (CRITERION_ID, CRITERION_NAME, WEIGHT, PROJECT_ID) VALUES (6, 'IMPLEMENTATION', 75, 2);

INSERT INTO PROJECT (PROJECT_ID, PROJECT_NAME) VALUES (3, '2015 CSO PROJECT');
INSERT INTO PRODUCT (PRODUCT_ID, PRODUCT_NAME, PROJECT_ID) VALUES (7, 'AMP APP', 3);
INSERT INTO PRODUCT (PRODUCT_ID, PRODUCT_NAME, PROJECT_ID) VALUES (8, 'GAP APP', 3);
INSERT INTO PRODUCT (PRODUCT_ID, PRODUCT_NAME, PROJECT_ID) VALUES (9, 'SHAPE APP', 3);
INSERT INTO CRITERION (CRITERION_ID, CRITERION_NAME, WEIGHT, PROJECT_ID) VALUES (7, 'CREDIBILITY', 99, 3);
INSERT INTO CRITERION (CRITERION_ID, CRITERION_NAME, WEIGHT, PROJECT_ID) VALUES (8, 'PORTABILITY', 86, 3);
INSERT INTO CRITERION (CRITERION_ID, CRITERION_NAME, WEIGHT, PROJECT_ID) VALUES (9, 'COST', 79, 3);
