INSERT INTO ACCOUNT (ID, EMAIL, FIRSTNAME, LASTNAME, PASSWORD) values (1, 'ant@ie.ibm.com', 'ant', 'ant', 'ant');
INSERT INTO ACCOUNT (ID, EMAIL, FIRSTNAME, LASTNAME, PASSWORD) values (2, 'bat@ie.ibm.com', 'bat', 'bat', 'bat');
INSERT INTO ACCOUNT (ID, EMAIL, FIRSTNAME, LASTNAME, PASSWORD) values (3, 'cat@ie.ibm.com', 'cat', 'cat', 'cat');


INSERT INTO PROJECT (PROJECT_ID, PROJECT_NAME, ADMIN_ID) VALUES (1, '2017 CSO PROJECT', 1);
INSERT INTO PRODUCT (PRODUCT_ID, PRODUCT_NAME, PROJECT_ID) VALUES (1, 'XSTREAM APP', 1);
INSERT INTO PRODUCT (PRODUCT_ID, PRODUCT_NAME, PROJECT_ID) VALUES (2, 'JSON APP', 1);
INSERT INTO PRODUCT (PRODUCT_ID, PRODUCT_NAME, PROJECT_ID) VALUES (3, 'DRIVE APP', 1);
INSERT INTO CRITERION (CRITERION_ID, CRITERION_NAME, WEIGHT, PROJECT_ID) VALUES (1, 'QUALITY', 45, 1);
INSERT INTO CRITERION (CRITERION_ID, CRITERION_NAME, WEIGHT, PROJECT_ID) VALUES (2, 'ABILITY', 60, 1);
INSERT INTO CRITERION (CRITERION_ID, CRITERION_NAME, WEIGHT, PROJECT_ID) VALUES (3, 'FAST FEATURE', 30, 1);

INSERT INTO PROJECT (PROJECT_ID, PROJECT_NAME, ADMIN_ID) VALUES (2, '2016 CSO PROJECT', 2);
INSERT INTO PRODUCT (PRODUCT_ID, PRODUCT_NAME, PROJECT_ID) VALUES (4, 'COST APP', 2);
INSERT INTO PRODUCT (PRODUCT_ID, PRODUCT_NAME, PROJECT_ID) VALUES (5, 'SEA APP', 2);
INSERT INTO PRODUCT (PRODUCT_ID, PRODUCT_NAME, PROJECT_ID) VALUES (6, 'PATH APP', 2);
INSERT INTO CRITERION (CRITERION_ID, CRITERION_NAME, WEIGHT, PROJECT_ID) VALUES (4, 'TEAM WORK', 32, 2);
INSERT INTO CRITERION (CRITERION_ID, CRITERION_NAME, WEIGHT, PROJECT_ID) VALUES (5, 'FEASIBILITY', 94, 2);
INSERT INTO CRITERION (CRITERION_ID, CRITERION_NAME, WEIGHT, PROJECT_ID) VALUES (6, 'IMPLEMENTATION', 75, 2);


INSERT INTO PROJECT (PROJECT_ID, PROJECT_NAME, ADMIN_ID) VALUES (3, '2015 CSO PROJECT', 3);
INSERT INTO PRODUCT (PRODUCT_ID, PRODUCT_NAME, PROJECT_ID) VALUES (7, 'AMP APP', 3);
INSERT INTO PRODUCT (PRODUCT_ID, PRODUCT_NAME, PROJECT_ID) VALUES (8, 'GAP APP', 3);
INSERT INTO PRODUCT (PRODUCT_ID, PRODUCT_NAME, PROJECT_ID) VALUES (9, 'SHAPE APP', 3);
INSERT INTO CRITERION (CRITERION_ID, CRITERION_NAME, WEIGHT, PROJECT_ID) VALUES (7, 'CREDIBILITY', 99, 3);
INSERT INTO CRITERION (CRITERION_ID, CRITERION_NAME, WEIGHT, PROJECT_ID) VALUES (8, 'PORTABILITY', 86, 3);
INSERT INTO CRITERION (CRITERION_ID, CRITERION_NAME, WEIGHT, PROJECT_ID) VALUES (9, 'COST', 79, 3);


INSERT INTO RATING (RATING_ID, PROJECT_ID, PRODUCT_ID, CRITERION_ID, VALUE) VALUES (1, 1, 1, 1, 1);
INSERT INTO RATING (RATING_ID, PROJECT_ID, PRODUCT_ID, CRITERION_ID, VALUE) VALUES (2, 1, 1, 2, 2);
INSERT INTO RATING (RATING_ID, PROJECT_ID, PRODUCT_ID, CRITERION_ID, VALUE) VALUES (3, 1, 1, 3, 5);
INSERT INTO RATING (RATING_ID, PROJECT_ID, PRODUCT_ID, CRITERION_ID, VALUE) VALUES (4, 1, 1, 1, 1);
INSERT INTO RATING (RATING_ID, PROJECT_ID, PRODUCT_ID, CRITERION_ID, VALUE) VALUES (5, 2, 5, 5, 1);
INSERT INTO RATING (RATING_ID, PROJECT_ID, PRODUCT_ID, CRITERION_ID, VALUE) VALUES (6, 2, 5, 5, 2);
INSERT INTO RATING (RATING_ID, PROJECT_ID, PRODUCT_ID, CRITERION_ID, VALUE) VALUES (7, 2, 5, 5, 5);
INSERT INTO RATING (RATING_ID, PROJECT_ID, PRODUCT_ID, CRITERION_ID, VALUE) VALUES (8, 2, 5, 5, 1);

INSERT INTO RATER (ID, PROJECT_ID, EMAIL) VALUES (1, 1, 'bat@ie.ibm.com');
INSERT INTO RATER (ID, PROJECT_ID, EMAIL) VALUES (2, 2, 'cat@ie.ibm.com');
INSERT INTO RATER (ID, PROJECT_ID, EMAIL) VALUES (3, 3, 'ant@ie.ibm.com');
INSERT INTO RATER (ID, PROJECT_ID, EMAIL) VALUES (4, 2, 'bat@ie.ibm.com');


